Painting,Vertices, Replication,MSE
mondriaan2,1000,0,34623.35780092593
mondriaan2,1000,1,38383.07680555555
starrynight,1000,0,15802.843055555555
starrynight,1000,1,14059.892685185185
