Painting,Vertices, Replication,MSE
mondriaan2,1000,0,7269.55074074074
mondriaan2,1000,1,6814.137685185186
starrynight,1000,0,5119.794236111111
starrynight,1000,1,4741.5448611111115
