Painting,Vertices, Replication,MSE
mondriaan2,8,0,21128.835162037038
mondriaan2,8,1,23576.813287037035
starrynight,8,0,8029.78699074074
starrynight,8,1,7856.0796527777775
