Painting,Vertices, Replication,MSE
mondriaan2,1000,0,7893.994791666667
mondriaan2,1000,1,8328.12412037037
