Painting,Vertices, Replication,MSE
mondriaan2,20,0,13452.871712962962
mondriaan2,20,1,16812.240162037036
starrynight,20,0,6868.667453703703
starrynight,20,1,6239.511851851852
