Painting,Vertices, Replication,MSE
mondriaan2,8,0,20167.885416666668
mondriaan2,8,1,23053.086689814816
starrynight,8,0,6722.249097222222
starrynight,8,1,8231.854930555555
