Painting,Vertices, Replication,MSE
mondriaan2,1000,0,7973.707638888889
mondriaan2,1000,1,7809.855648148148
