Painting,Vertices, Replication,MSE
mondriaan2,1000,0,13895.30837962963
mondriaan2,1000,1,12153.148379629629
starrynight,1000,0,6363.931273148148
starrynight,1000,1,5978.093009259259
