Painting,Vertices, Replication,MSE
mondriaan2,8,0,25464.678495370372
mondriaan2,8,1,15660.807962962963
starrynight,8,0,9720.013055555555
starrynight,8,1,9882.277037037036
