Painting,Vertices, Replication,MSE
mondriaan2,1000,0,6116.302476851852
mondriaan2,1000,1,6354.961064814815
starrynight,1000,0,5234.991435185185
starrynight,1000,1,4708.524930555555
