Painting,Vertices, Replication,MSE
mondriaan2,1000,0,6878.204675925926
mondriaan2,1000,1,5272.957708333333
starrynight,1000,0,4706.308240740741
starrynight,1000,1,5092.974814814815
