Painting,Vertices, Replication,MSE
mondriaan2,1000,0,4597.861875
mondriaan2,1000,1,4123.912268518518
starrynight,1000,0,3528.7589583333333
starrynight,1000,1,3531.563472222222
